{"cameraMode":{"drawMode":0,"name":"Shaded","section":"Shading Mode"},"sceneLighting":false,"audioPlay":false,"sceneViewState":{"m_AlwaysRefresh":false,"showFog":true,"showSkybox":false,"showFlares":true,"showImageEffects":true,"showParticleSystems":true,"showVisualEffectGraphs":true,"m_FxEnabled":true},"in2DMode":false,"pivot":{"x":-9.158907890319825,"y":2.1103334426879885,"z":-21.697160720825197},"rotation":{"x":0.01673148013651371,"y":0.571934163570404,"z":-0.011665407568216324,"w":0.8200576901435852},"size":1.0845024585723878,"orthographic":true}