{"cameraMode":{"drawMode":0,"name":"Shaded","section":"Shading Mode"},"sceneLighting":false,"audioPlay":false,"sceneViewState":{"m_AlwaysRefresh":false,"showFog":true,"showSkybox":false,"showFlares":true,"showImageEffects":true,"showParticleSystems":true,"showVisualEffectGraphs":true,"m_FxEnabled":true},"in2DMode":false,"pivot":{"x":-18.02951431274414,"y":0.8030864000320435,"z":-14.999696731567383},"rotation":{"x":0.13663385808467866,"y":-0.3705516755580902,"z":0.055194903165102008,"w":0.9170663356781006},"size":3.5381181240081789,"orthographic":false}