{"cameraMode":{"drawMode":0,"name":"Shaded","section":"Shading Mode"},"sceneLighting":true,"audioPlay":false,"sceneViewState":{"m_AlwaysRefresh":false,"showFog":true,"showSkybox":true,"showFlares":true,"showImageEffects":true,"showParticleSystems":true,"showVisualEffectGraphs":true,"m_FxEnabled":true},"in2DMode":false,"pivot":{"x":-2.405000686645508,"y":1.5438717603683472,"z":0.9771917462348938},"rotation":{"x":-0.044985752552747729,"y":0.013803388923406601,"z":-0.0005870107561349869,"w":-0.9989866614341736},"size":1.4619994163513184,"orthographic":false}