{"cameraMode":{"drawMode":0,"name":"Shaded","section":"Shading Mode"},"sceneLighting":true,"audioPlay":false,"sceneViewState":{"m_AlwaysRefresh":false,"showFog":true,"showSkybox":true,"showFlares":true,"showImageEffects":true,"showParticleSystems":true,"showVisualEffectGraphs":true,"m_FxEnabled":true},"in2DMode":false,"pivot":{"x":-21.066497802734376,"y":-11.291613578796387,"z":-3.4012386798858644},"rotation":{"x":0.21895471215248109,"y":-0.2700229585170746,"z":0.06292314827442169,"w":0.9356651902198792},"size":55.72935485839844,"orthographic":false}