{"cameraMode":{"drawMode":0,"name":"Shaded","section":"Shading Mode"},"sceneLighting":false,"audioPlay":false,"sceneViewState":{"m_AlwaysRefresh":false,"showFog":true,"showSkybox":false,"showFlares":true,"showImageEffects":true,"showParticleSystems":true,"showVisualEffectGraphs":true,"m_FxEnabled":true},"in2DMode":false,"pivot":{"x":-1.911672592163086,"y":8.857630729675293,"z":0.7964630126953125},"rotation":{"x":-0.08028261363506317,"y":0.09669604152441025,"z":0.007421822287142277,"w":0.9922085404396057},"size":15.930395126342774,"orthographic":false}