{"cameraMode":{"drawMode":0,"name":"Shaded","section":"Shading Mode"},"sceneLighting":false,"audioPlay":false,"sceneViewState":{"m_AlwaysRefresh":false,"showFog":true,"showSkybox":false,"showFlares":true,"showImageEffects":true,"showParticleSystems":true,"showVisualEffectGraphs":true,"m_FxEnabled":true},"in2DMode":false,"pivot":{"x":-2.2183380126953127,"y":0.05887777358293533,"z":2.0710647106170656},"rotation":{"x":-0.05018601194024086,"y":0.36127710342407229,"z":0.019056910648941995,"w":0.9310836791992188},"size":0.47070974111557009,"orthographic":false}