{"cameraMode":{"drawMode":0,"name":"Shaded","section":"Shading Mode"},"sceneLighting":false,"audioPlay":false,"sceneViewState":{"m_AlwaysRefresh":false,"showFog":true,"showSkybox":false,"showFlares":true,"showImageEffects":true,"showParticleSystems":true,"showVisualEffectGraphs":true,"m_FxEnabled":true},"in2DMode":false,"pivot":{"x":-1.5698661804199219,"y":0.5512662529945374,"z":-1.2603257894515992},"rotation":{"x":-0.03978225216269493,"y":-0.5171929597854614,"z":0.02404896356165409,"w":-0.8546768426895142},"size":0.6283968687057495,"orthographic":false}