{"cameraMode":{"drawMode":0,"name":"Shaded","section":"Shading Mode"},"sceneLighting":false,"audioPlay":false,"sceneViewState":{"m_AlwaysRefresh":false,"showFog":true,"showSkybox":false,"showFlares":true,"showImageEffects":true,"showParticleSystems":true,"showVisualEffectGraphs":true,"m_FxEnabled":true},"in2DMode":false,"pivot":{"x":0.5804672241210938,"y":1.8832838535308838,"z":0.48052501678466799},"rotation":{"x":0.13663385808467866,"y":-0.3705516755580902,"z":0.055194903165102008,"w":0.9170663356781006},"size":13.804793357849121,"orthographic":false}