{"cameraMode":{"drawMode":0,"name":"Shaded","section":"Shading Mode"},"sceneLighting":false,"audioPlay":false,"sceneViewState":{"m_AlwaysRefresh":false,"showFog":true,"showSkybox":false,"showFlares":true,"showImageEffects":true,"showParticleSystems":true,"showVisualEffectGraphs":true,"m_FxEnabled":true},"in2DMode":false,"pivot":{"x":120.3517074584961,"y":-109.73827362060547,"z":388.7791748046875},"rotation":{"x":0.11645856499671936,"y":0.13955949246883393,"z":-0.016536753624677659,"w":0.9832296967506409},"size":303.6433410644531,"orthographic":false}