{"cameraMode":{"drawMode":0,"name":"Shaded","section":"Shading Mode"},"sceneLighting":false,"audioPlay":false,"sceneViewState":{"m_AlwaysRefresh":false,"showFog":true,"showSkybox":false,"showFlares":true,"showImageEffects":true,"showParticleSystems":true,"showVisualEffectGraphs":true,"m_FxEnabled":true},"in2DMode":false,"pivot":{"x":0.15463724732398988,"y":0.8795427083969116,"z":-1.4814229011535645},"rotation":{"x":0.010760674253106118,"y":0.9891034960746765,"z":-0.11174584180116654,"w":0.0952468290925026},"size":2.432666063308716,"orthographic":false}