{"cameraMode":{"drawMode":0,"name":"Shaded","section":"Shading Mode"},"sceneLighting":false,"audioPlay":false,"sceneViewState":{"m_AlwaysRefresh":false,"showFog":true,"showSkybox":false,"showFlares":true,"showImageEffects":true,"showParticleSystems":true,"showVisualEffectGraphs":true,"m_FxEnabled":true},"in2DMode":false,"pivot":{"x":-0.4595956802368164,"y":1.8712925910949708,"z":0.0047626495361328129},"rotation":{"x":0.028499532490968705,"y":0.1311917006969452,"z":-0.004186595324426889,"w":0.9911041855812073},"size":9.25122356414795,"orthographic":false}