{"cameraMode":{"drawMode":0,"name":"Shaded","section":"Shading Mode"},"sceneLighting":false,"audioPlay":false,"sceneViewState":{"m_AlwaysRefresh":false,"showFog":true,"showSkybox":false,"showFlares":true,"showImageEffects":true,"showParticleSystems":true,"showVisualEffectGraphs":true,"m_FxEnabled":true},"in2DMode":false,"pivot":{"x":-3.9459903240203859,"y":0.8711079955101013,"z":-1.9554526805877686},"rotation":{"x":0.14380842447280885,"y":0.6633340120315552,"z":-0.13204926252365113,"w":0.7224051356315613},"size":0.2741760015487671,"orthographic":false}