{"cameraMode":{"drawMode":0,"name":"Shaded","section":"Shading Mode"},"sceneLighting":false,"audioPlay":false,"sceneViewState":{"m_AlwaysRefresh":false,"showFog":true,"showSkybox":false,"showFlares":true,"showImageEffects":true,"showParticleSystems":true,"showVisualEffectGraphs":true,"m_FxEnabled":true},"in2DMode":false,"pivot":{"x":-0.9448747634887695,"y":0.46195441484451296,"z":-0.7413897514343262},"rotation":{"x":-0.010411812923848629,"y":-0.12833482027053834,"z":0.0013677672250196338,"w":-0.9917691349983215},"size":1.2562530040740967,"orthographic":false}