{"cameraMode":{"drawMode":0,"name":"Shaded","section":"Shading Mode"},"sceneLighting":false,"audioPlay":false,"sceneViewState":{"m_AlwaysRefresh":false,"showFog":true,"showSkybox":false,"showFlares":true,"showImageEffects":true,"showParticleSystems":true,"showVisualEffectGraphs":true,"m_FxEnabled":true},"in2DMode":false,"pivot":{"x":1.3282620906829835,"y":0.1350058913230896,"z":1.429728388786316},"rotation":{"x":0.03178185224533081,"y":-0.9679167866706848,"z":0.18815942108631135,"w":0.1635611653327942},"size":0.12247449159622193,"orthographic":false}