{"cameraMode":{"drawMode":0,"name":"Shaded","section":"Shading Mode"},"sceneLighting":false,"audioPlay":false,"sceneViewState":{"m_AlwaysRefresh":false,"showFog":true,"showSkybox":false,"showFlares":true,"showImageEffects":true,"showParticleSystems":true,"showVisualEffectGraphs":true,"m_FxEnabled":true},"in2DMode":false,"pivot":{"x":0.06196703016757965,"y":0.11449887603521347,"z":0.8021050691604614},"rotation":{"x":0.04133274406194687,"y":-0.8428292274475098,"z":0.0646553710103035,"w":0.5329602956771851},"size":0.1736699789762497,"orthographic":false}