{"cameraMode":{"drawMode":0,"name":"Shaded","section":"Shading Mode"},"sceneLighting":false,"audioPlay":false,"sceneViewState":{"m_AlwaysRefresh":false,"showFog":true,"showSkybox":false,"showFlares":true,"showImageEffects":true,"showParticleSystems":true,"showVisualEffectGraphs":true,"m_FxEnabled":true},"in2DMode":false,"pivot":{"x":0.00029647350311279297,"y":0.8714325428009033,"z":-0.06436100602149964},"rotation":{"x":0.07632781565189362,"y":-0.8787296414375305,"z":0.14913561940193177,"w":0.44728443026542666},"size":1.4367365837097169,"orthographic":false}